Preferred_name	0	1	change	fc	p.adj
4CL	0.5555555555555556	0.0196078431372549	depleted in auxo	0.03529411764705882	0.0017
DHRS	0.3333333333333333	0.0196078431372549	depleted in auxo	0.058823529411764705	0.038
LMF	0.5555555555555556	0.11764705882352941	depleted in auxo	0.21176470588235294	0.047
PPA1328	0.5555555555555556	0.09803921568627451	depleted in auxo	0.1764705882352941	0.038
abaB2	0.2222222222222222	0	depleted in auxo	0	0.038
accD1	0.5555555555555556	0.09803921568627451	depleted in auxo	0.1764705882352941	0.038
aceE_1	0.2222222222222222	0	depleted in auxo	0	0.038
acx	0.5555555555555556	0.09803921568627451	depleted in auxo	0.1764705882352941	0.038
agcS_1	0.5555555555555556	0.0196078431372549	depleted in auxo	0.03529411764705882	0.0017
alcA	0.3333333333333333	0	depleted in auxo	0	0.013
alcC	0.3333333333333333	0	depleted in auxo	0	0.013
aldC	0.5555555555555556	0.0392156862745098	depleted in auxo	0.07058823529411765	0.0088
amnC	0.2222222222222222	0	depleted in auxo	0	0.038
apeB	0.5555555555555556	0.09803921568627451	depleted in auxo	0.1764705882352941	0.038
appCC	0.3333333333333333	0.0196078431372549	depleted in auxo	0.058823529411764705	0.038
ask	0.5555555555555556	0.09803921568627451	depleted in auxo	0.1764705882352941	0.038
aspC	1.2222222222222223	0.1568627450980392	depleted in auxo	0.1283422459893048	0.047
atsD	0.5555555555555556	0.09803921568627451	depleted in auxo	0.1764705882352941	0.038
bccA	0.5555555555555556	0.09803921568627451	depleted in auxo	0.1764705882352941	0.038
bfmM	0.6666666666666666	0.0196078431372549	depleted in auxo	0.029411764705882353	0.038
bgl2	0.3333333333333333	0.0196078431372549	depleted in auxo	0.058823529411764705	0.038
bglX	0.6666666666666666	0.13725490196078433	depleted in auxo	0.2058823529411765	0.038
bioD	0	0.6078431372549019	enriched in auxo	Inf	0.041
carD	0.7777777777777778	0.21568627450980393	depleted in auxo	0.2773109243697479	0.038
catR	0.5555555555555556	0.09803921568627451	depleted in auxo	0.1764705882352941	0.038
cbrD	0.3333333333333333	0.0196078431372549	depleted in auxo	0.058823529411764705	0.038
chiS	0.7777777777777778	0.13725490196078433	depleted in auxo	0.17647058823529413	0.039
chlI	0.3333333333333333	0.0196078431372549	depleted in auxo	0.058823529411764705	0.038
clgR	0.8888888888888888	0.1568627450980392	depleted in auxo	0.17647058823529413	0.039
cmr	0.5555555555555556	0.11764705882352941	depleted in auxo	0.21176470588235294	0.047
cmtR	0.2222222222222222	0	depleted in auxo	0	0.038
cofC	0.6666666666666666	0.0784313725490196	depleted in auxo	0.11764705882352941	0.01
cofD	0.6666666666666666	0.0784313725490196	depleted in auxo	0.11764705882352941	0.01
cpdA	1.3333333333333333	0.35294117647058826	depleted in auxo	0.26470588235294124	0.038
crgA	0.5555555555555556	0.09803921568627451	depleted in auxo	0.1764705882352941	0.038
crtI	0.5555555555555556	0.09803921568627451	depleted in auxo	0.1764705882352941	0.038
crtYf	0.5555555555555556	0.09803921568627451	depleted in auxo	0.1764705882352941	0.038
cscK	0.3333333333333333	0.0196078431372549	depleted in auxo	0.058823529411764705	0.038
ctpE	0.3333333333333333	0.0196078431372549	depleted in auxo	0.058823529411764705	0.038
ctpF	0.3333333333333333	0.0196078431372549	depleted in auxo	0.058823529411764705	0.038
dapA4	0.4444444444444444	0	depleted in auxo	0	0.038
dasC	0.5555555555555556	0.0784313725490196	depleted in auxo	0.1411764705882353	0.038
devR	0.3333333333333333	0.0196078431372549	depleted in auxo	0.058823529411764705	0.038
dhaA	0.3333333333333333	0	depleted in auxo	0	0.013
dinB_2	0.5555555555555556	0.09803921568627451	depleted in auxo	0.1764705882352941	0.038
dinG	0.2222222222222222	0.803921568627451	enriched in auxo	3.61764705882353	0.042
dmpI	0.1111111111111111	0.7058823529411765	enriched in auxo	6.352941176470589	0.039
dnaG	1.5555555555555556	1.0196078431372548	depleted in auxo	0.6554621848739495	0.0017
dnaJ	1.5555555555555556	1.0980392156862746	depleted in auxo	0.7058823529411765	0.038
dnaQ2	0.5555555555555556	0.09803921568627451	depleted in auxo	0.1764705882352941	0.038
eapA	0.5555555555555556	0.0196078431372549	depleted in auxo	0.03529411764705882	0.0017
echA8	0.3333333333333333	0.0196078431372549	depleted in auxo	0.058823529411764705	0.038
engB	0.4444444444444444	0.9019607843137255	enriched in auxo	2.0294117647058827	0.038
ercc3	0.5555555555555556	0.09803921568627451	depleted in auxo	0.1764705882352941	0.038
fadA3	0.5555555555555556	0.09803921568627451	depleted in auxo	0.1764705882352941	0.038
fbiB	0.7777777777777778	0.09803921568627451	depleted in auxo	0.12605042016806722	0.038
fgd	0.5555555555555556	0.09803921568627451	depleted in auxo	0.1764705882352941	0.038
fhaA	0.5555555555555556	0.09803921568627451	depleted in auxo	0.1764705882352941	0.038
fkbP	1.6666666666666667	0.29411764705882354	depleted in auxo	0.17647058823529413	0.038
fmu	0.5555555555555556	0.09803921568627451	depleted in auxo	0.1764705882352941	0.038
fprA	1.1111111111111112	0.19607843137254902	depleted in auxo	0.1764705882352941	0.039
fprD	0.5555555555555556	0.0784313725490196	depleted in auxo	0.1411764705882353	0.038
frcA	0.8888888888888888	0.1568627450980392	depleted in auxo	0.17647058823529413	0.02
frcB	0.8888888888888888	0.1568627450980392	depleted in auxo	0.17647058823529413	0.02
gadB	0.5555555555555556	0.09803921568627451	depleted in auxo	0.1764705882352941	0.038
gapA	0.2222222222222222	0.8235294117647058	enriched in auxo	3.7058823529411766	0.045
garA	0.5555555555555556	0.09803921568627451	depleted in auxo	0.1764705882352941	0.038
garK	0.5555555555555556	0.09803921568627451	depleted in auxo	0.1764705882352941	0.038
glbO	0.5555555555555556	0.09803921568627451	depleted in auxo	0.1764705882352941	0.038
glkA	0.5555555555555556	0.09803921568627451	depleted in auxo	0.1764705882352941	0.038
glnA2	0.7777777777777778	0.17647058823529413	depleted in auxo	0.226890756302521	0.038
glnA4	0.5555555555555556	0.0392156862745098	depleted in auxo	0.07058823529411765	0.0088
glpD1	0.3333333333333333	0.0196078431372549	depleted in auxo	0.058823529411764705	0.038
glpQ2	0.5555555555555556	0.09803921568627451	depleted in auxo	0.1764705882352941	0.038
gluA	0.5555555555555556	0.09803921568627451	depleted in auxo	0.1764705882352941	0.038
gluB	0.5555555555555556	0.058823529411764705	depleted in auxo	0.10588235294117647	0.02
gluC	0.5555555555555556	0.09803921568627451	depleted in auxo	0.1764705882352941	0.038
gnd2	0.3333333333333333	0.0196078431372549	depleted in auxo	0.058823529411764705	0.038
gntR1	0.5555555555555556	0.11764705882352941	depleted in auxo	0.21176470588235294	0.047
gpm2	0.2222222222222222	0	depleted in auxo	0	0.038
gpx	0.5555555555555556	0.09803921568627451	depleted in auxo	0.1764705882352941	0.038
gtfE	0.3333333333333333	0.0196078431372549	depleted in auxo	0.058823529411764705	0.038
guaA_2	0.5555555555555556	0.09803921568627451	depleted in auxo	0.1764705882352941	0.038
guaB1	0.5555555555555556	0.09803921568627451	depleted in auxo	0.1764705882352941	0.038
guaB3	0.5555555555555556	0.09803921568627451	depleted in auxo	0.1764705882352941	0.038
gulO	0.5555555555555556	0.09803921568627451	depleted in auxo	0.1764705882352941	0.038
gyrA2	0.5555555555555556	0.09803921568627451	depleted in auxo	0.1764705882352941	0.038
gyrB2	0.5555555555555556	0.09803921568627451	depleted in auxo	0.1764705882352941	0.038
hadA	0.5555555555555556	0.09803921568627451	depleted in auxo	0.1764705882352941	0.038
hadB	0.5555555555555556	0.09803921568627451	depleted in auxo	0.1764705882352941	0.038
helY	0.5555555555555556	0.09803921568627451	depleted in auxo	0.1764705882352941	0.038
helZ	0.8888888888888888	0.17647058823529413	depleted in auxo	0.1985294117647059	0.041
hexA	0.5555555555555556	0.09803921568627451	depleted in auxo	0.1764705882352941	0.038
hfq	0.4444444444444444	0.9215686274509803	enriched in auxo	2.073529411764706	0.045
hmuO	0.5555555555555556	0.0784313725490196	depleted in auxo	0.1411764705882353	0.038
hofD	0.5555555555555556	0.0392156862745098	depleted in auxo	0.07058823529411765	0.0088
hpaE	0.5555555555555556	0.09803921568627451	depleted in auxo	0.1764705882352941	0.038
hpaG	0.5555555555555556	0.09803921568627451	depleted in auxo	0.1764705882352941	0.038
hpaI	0.5555555555555556	0.11764705882352941	depleted in auxo	0.21176470588235294	0.047
hprK	0.3333333333333333	0.8627450980392157	enriched in auxo	2.588235294117647	0.038
hrrA2	0.7777777777777778	0.09803921568627451	depleted in auxo	0.12605042016806722	0.038
hslU	0.4444444444444444	0.9215686274509803	enriched in auxo	2.073529411764706	0.045
hslV	0.4444444444444444	0.9019607843137255	enriched in auxo	2.0294117647058827	0.038
hsp18	0.5555555555555556	0.058823529411764705	depleted in auxo	0.10588235294117647	0.02
hspR	0.7777777777777778	0.09803921568627451	depleted in auxo	0.12605042016806722	0.038
ideR	0.5555555555555556	0.09803921568627451	depleted in auxo	0.1764705882352941	0.038
ilvJ	0.3333333333333333	0.0392156862745098	depleted in auxo	0.11764705882352941	0.038
int8	1.3333333333333333	0.0392156862745098	depleted in auxo	0.029411764705882353	0.038
iphP	0.2222222222222222	0	depleted in auxo	0	0.038
iscS1	0.5555555555555556	0.09803921568627451	depleted in auxo	0.1764705882352941	0.038
ispA	0.4444444444444444	0.9019607843137255	enriched in auxo	2.0294117647058827	0.038
ispD	0.2222222222222222	0.8431372549019608	enriched in auxo	3.794117647058824	0.038
iunH2	0.2222222222222222	0	depleted in auxo	0	0.038
kcsA	0.5555555555555556	0.0392156862745098	depleted in auxo	0.07058823529411765	0.0088
kgd	0.5555555555555556	0.09803921568627451	depleted in auxo	0.1764705882352941	0.038
kka	0.3333333333333333	0.0196078431372549	depleted in auxo	0.058823529411764705	0.038
lacZ6	0.3333333333333333	0.0196078431372549	depleted in auxo	0.058823529411764705	0.038
levB	0.3333333333333333	0.0196078431372549	depleted in auxo	0.058823529411764705	0.038
lgt	1.3333333333333333	1	depleted in auxo	0.75	0.013
limB_5	0.5555555555555556	0.09803921568627451	depleted in auxo	0.1764705882352941	0.038
litS	0.5555555555555556	0.0392156862745098	depleted in auxo	0.07058823529411765	0.0088
lppD	0.5555555555555556	0.0784313725490196	depleted in auxo	0.1411764705882353	0.038
lpqB	0.5555555555555556	0.09803921568627451	depleted in auxo	0.1764705882352941	0.038
lrp_3	0.3333333333333333	0.0196078431372549	depleted in auxo	0.058823529411764705	0.038
lsr2	0.3333333333333333	0.0196078431372549	depleted in auxo	0.058823529411764705	0.038
lysX	0.5555555555555556	0.0196078431372549	depleted in auxo	0.03529411764705882	0.0017
mapA	0.6666666666666666	0.13725490196078433	depleted in auxo	0.2058823529411765	0.038
mdpB	0.2222222222222222	0	depleted in auxo	0	0.038
mepB	0.2222222222222222	0	depleted in auxo	0	0.038
merR1	0.5555555555555556	0.09803921568627451	depleted in auxo	0.1764705882352941	0.038
merR2	0.5555555555555556	0.09803921568627451	depleted in auxo	0.1764705882352941	0.038
mgrA	0.3333333333333333	0.0196078431372549	depleted in auxo	0.058823529411764705	0.038
minC	0.2222222222222222	0.8627450980392157	enriched in auxo	3.882352941176471	0.013
minD	0.2222222222222222	0.8627450980392157	enriched in auxo	3.882352941176471	0.013
moeB	0.3333333333333333	1.7647058823529411	enriched in auxo	5.294117647058823	0.038
moeZ	0.3333333333333333	0.0196078431372549	depleted in auxo	0.058823529411764705	0.038
moxR2	0.5555555555555556	0.09803921568627451	depleted in auxo	0.1764705882352941	0.038
mphA	0.5555555555555556	0.09803921568627451	depleted in auxo	0.1764705882352941	0.038
mpt	0.6666666666666666	0.0784313725490196	depleted in auxo	0.11764705882352941	0.01
mreB	0.2222222222222222	0.803921568627451	enriched in auxo	3.61764705882353	0.042
mrpA/mrpB	0.5555555555555556	0.09803921568627451	depleted in auxo	0.1764705882352941	0.038
msiK	0.5555555555555556	0.09803921568627451	depleted in auxo	0.1764705882352941	0.038
mtrA	0.7777777777777778	0.21568627450980393	depleted in auxo	0.2773109243697479	0.038
mutL	0.4444444444444444	0.9215686274509803	enriched in auxo	2.073529411764706	0.045
mutS	0.4444444444444444	0.9215686274509803	enriched in auxo	2.073529411764706	0.045
mycP	0.5555555555555556	0.09803921568627451	depleted in auxo	0.1764705882352941	0.038
nboR	0.3333333333333333	0.0196078431372549	depleted in auxo	0.058823529411764705	0.038
nei1	0.5555555555555556	0.09803921568627451	depleted in auxo	0.1764705882352941	0.038
novA1	0.2222222222222222	0	depleted in auxo	0	0.038
nrdH	0.7777777777777778	0.17647058823529413	depleted in auxo	0.226890756302521	0.038
nucS	0.5555555555555556	0.09803921568627451	depleted in auxo	0.1764705882352941	0.038
nudK	0.5555555555555556	0.09803921568627451	depleted in auxo	0.1764705882352941	0.038
opcA	0.5555555555555556	0.09803921568627451	depleted in auxo	0.1764705882352941	0.038
paaI	0.5555555555555556	0.09803921568627451	depleted in auxo	0.1764705882352941	0.038
pacB2	0.3333333333333333	0	depleted in auxo	0	0.013
pafB	0.5555555555555556	0.09803921568627451	depleted in auxo	0.1764705882352941	0.038
pafC	0.5555555555555556	0.09803921568627451	depleted in auxo	0.1764705882352941	0.038
panE	0.2222222222222222	0.8627450980392157	enriched in auxo	3.882352941176471	0.038
pcaB	0.7777777777777778	0.13725490196078433	depleted in auxo	0.17647058823529413	0.013
pcaC	0.7777777777777778	0.17647058823529413	depleted in auxo	0.226890756302521	0.038
pcaG	0.7777777777777778	0.17647058823529413	depleted in auxo	0.226890756302521	0.038
pcaH	0.7777777777777778	0.19607843137254902	depleted in auxo	0.25210084033613445	0.038
pccB	0.7777777777777778	0.23529411764705882	depleted in auxo	0.3025210084033613	0.038
pcnA	0.5555555555555556	0.09803921568627451	depleted in auxo	0.1764705882352941	0.038
pdhA	1.6666666666666667	1.0784313725490196	depleted in auxo	0.6470588235294117	0.038
pdtaR	0.5555555555555556	0.09803921568627451	depleted in auxo	0.1764705882352941	0.038
pedG	0.3333333333333333	0.0196078431372549	depleted in auxo	0.058823529411764705	0.038
pepO	0.5555555555555556	0.09803921568627451	depleted in auxo	0.1764705882352941	0.038
pgiA	0.5555555555555556	0.09803921568627451	depleted in auxo	0.1764705882352941	0.038
pgm	0.7777777777777778	0.19607843137254902	depleted in auxo	0.25210084033613445	0.038
phaZ1	0.3333333333333333	0	depleted in auxo	0	0.013
phoH2	0.5555555555555556	0.09803921568627451	depleted in auxo	0.1764705882352941	0.038
phr	0.5555555555555556	0.09803921568627451	depleted in auxo	0.1764705882352941	0.038
pilM	0.5555555555555556	0.0784313725490196	depleted in auxo	0.1411764705882353	0.038
pipch2	0.2222222222222222	0	depleted in auxo	0	0.038
pknA	0.5555555555555556	0.09803921568627451	depleted in auxo	0.1764705882352941	0.038
pknB	0.5555555555555556	0.09803921568627451	depleted in auxo	0.1764705882352941	0.038
pknE	0.3333333333333333	0.0196078431372549	depleted in auxo	0.058823529411764705	0.038
pknK	0.5555555555555556	0.0196078431372549	depleted in auxo	0.03529411764705882	0.0017
plsC2	0.5555555555555556	0.09803921568627451	depleted in auxo	0.1764705882352941	0.038
plsC_1	0.3333333333333333	0	depleted in auxo	0	0.013
pmmB	0.5555555555555556	0.09803921568627451	depleted in auxo	0.1764705882352941	0.038
pmt	0.5555555555555556	0.0784313725490196	depleted in auxo	0.1411764705882353	0.038
pobA	0.6666666666666666	0.11764705882352941	depleted in auxo	0.17647058823529413	0.038
polA2	0.5555555555555556	0.09803921568627451	depleted in auxo	0.1764705882352941	0.038
pon1	1.3333333333333333	0.17647058823529413	depleted in auxo	0.13235294117647062	0.038
ppe2	0.4444444444444444	0	depleted in auxo	0	0.038
ppgK	0.5555555555555556	0.09803921568627451	depleted in auxo	0.1764705882352941	0.038
ppx1	0.5555555555555556	0.0784313725490196	depleted in auxo	0.1411764705882353	0.038
prmA	0.4444444444444444	0.9019607843137255	enriched in auxo	2.0294117647058827	0.038
proX	0.7777777777777778	0.19607843137254902	depleted in auxo	0.25210084033613445	0.038
proZ	0.5555555555555556	0.09803921568627451	depleted in auxo	0.1764705882352941	0.038
psd	0.3333333333333333	0.8627450980392157	enriched in auxo	2.588235294117647	0.049
pstP	0.5555555555555556	0.09803921568627451	depleted in auxo	0.1764705882352941	0.038
ptpA	0.7777777777777778	0.21568627450980393	depleted in auxo	0.2773109243697479	0.038
puo	0.5555555555555556	0.09803921568627451	depleted in auxo	0.1764705882352941	0.038
pur	0.2222222222222222	0	depleted in auxo	0	0.038
pyrE_1	0.5555555555555556	0.09803921568627451	depleted in auxo	0.1764705882352941	0.038
queA	0.4444444444444444	0.9019607843137255	enriched in auxo	2.0294117647058827	0.038
queE	0.3333333333333333	0.8627450980392157	enriched in auxo	2.588235294117647	0.049
queF	0.4444444444444444	0.9019607843137255	enriched in auxo	2.0294117647058827	0.038
queG	0.4444444444444444	0.9215686274509803	enriched in auxo	2.073529411764706	0.045
rafA	1	0.0392156862745098	depleted in auxo	0.0392156862745098	0.0088
rbpA	1	0.19607843137254902	depleted in auxo	0.19607843137254902	0.047
regX3	0.5555555555555556	0.09803921568627451	depleted in auxo	0.1764705882352941	0.038
rfbB2	0.5555555555555556	0.058823529411764705	depleted in auxo	0.10588235294117647	0.02
rfe	0.6666666666666666	0.11764705882352941	depleted in auxo	0.17647058823529413	0.038
rgpB	0.2222222222222222	0	depleted in auxo	0	0.038
rhaD	0.8888888888888888	0.2549019607843137	depleted in auxo	0.2867647058823529	0.038
rhaI	0.7777777777777778	0.17647058823529413	depleted in auxo	0.226890756302521	0.038
rimP	0.4444444444444444	0.9019607843137255	enriched in auxo	2.0294117647058827	0.038
rip1	0.5555555555555556	0.09803921568627451	depleted in auxo	0.1764705882352941	0.038
ruvX	0.7777777777777778	0.21568627450980393	depleted in auxo	0.2773109243697479	0.038
savM1	0.2222222222222222	0	depleted in auxo	0	0.038
scrB1	0.3333333333333333	0.0196078431372549	depleted in auxo	0.058823529411764705	0.038
sdh	0.5555555555555556	0.09803921568627451	depleted in auxo	0.1764705882352941	0.038
sdrA	0.5555555555555556	0.09803921568627451	depleted in auxo	0.1764705882352941	0.038
secE2	0.3333333333333333	0.0196078431372549	depleted in auxo	0.058823529411764705	0.038
senX3	0.5555555555555556	0.09803921568627451	depleted in auxo	0.1764705882352941	0.038
sidE	0.5555555555555556	0.09803921568627451	depleted in auxo	0.1764705882352941	0.038
sir	0.5555555555555556	0.0784313725490196	depleted in auxo	0.1411764705882353	0.038
sirR	0.5555555555555556	0.09803921568627451	depleted in auxo	0.1764705882352941	0.038
slpD	0.7777777777777778	0.11764705882352941	depleted in auxo	0.15126050420168066	0.038
spoU2	0.7777777777777778	0.11764705882352941	depleted in auxo	0.15126050420168066	0.038
ssuC3	0.5555555555555556	0.058823529411764705	depleted in auxo	0.10588235294117647	0.02
staP	0.2222222222222222	0	depleted in auxo	0	0.038
sufE	0.7777777777777778	0.21568627450980393	depleted in auxo	0.2773109243697479	0.038
sun	0.2222222222222222	0.803921568627451	enriched in auxo	3.61764705882353	0.042
tapC	0.5555555555555556	0.0392156862745098	depleted in auxo	0.07058823529411765	0.0088
tcsR2	0.3333333333333333	0	depleted in auxo	0	0.013
tcsR3	0.7777777777777778	0.09803921568627451	depleted in auxo	0.12605042016806722	0.038
tcsS2	1.2222222222222223	0.13725490196078433	depleted in auxo	0.11229946524064172	0.038
tgt	0.4444444444444444	0.9215686274509803	enriched in auxo	2.073529411764706	0.045
thiX	0.5555555555555556	0.09803921568627451	depleted in auxo	0.1764705882352941	0.038
tlyA	0.7777777777777778	0.21568627450980393	depleted in auxo	0.2773109243697479	0.038
tpa	0.5555555555555556	0.11764705882352941	depleted in auxo	0.21176470588235294	0.047
trcR	0.5555555555555556	0.0196078431372549	depleted in auxo	0.03529411764705882	0.0017
trcS	0.2222222222222222	0	depleted in auxo	0	0.038
trkH	1.2222222222222223	0.21568627450980393	depleted in auxo	0.1764705882352941	0.038
trmI	0.5555555555555556	0.09803921568627451	depleted in auxo	0.1764705882352941	0.038
trpE	0.6666666666666666	0.9803921568627451	enriched in auxo	1.4705882352941178	0.038
tsaE	0.5555555555555556	0.09803921568627451	depleted in auxo	0.1764705882352941	0.038
tsnR	0.5555555555555556	0.09803921568627451	depleted in auxo	0.1764705882352941	0.038
uppS1	0.5555555555555556	0.09803921568627451	depleted in auxo	0.1764705882352941	0.038
uvrD2	1.1111111111111112	0.19607843137254902	depleted in auxo	0.1764705882352941	0.038
wag31	0.5555555555555556	0.09803921568627451	depleted in auxo	0.1764705882352941	0.038
wbbL	0.2222222222222222	0	depleted in auxo	0	0.038
wcoO	0.5555555555555556	0.058823529411764705	depleted in auxo	0.10588235294117647	0.02
whiB	0.5555555555555556	0.09803921568627451	depleted in auxo	0.1764705882352941	0.038
whmD	0.5555555555555556	0.09803921568627451	depleted in auxo	0.1764705882352941	0.038
wxcO	0.3333333333333333	0	depleted in auxo	0	0.013
wzm	0.5555555555555556	0.09803921568627451	depleted in auxo	0.1764705882352941	0.038
xbaIM	0.5555555555555556	0.09803921568627451	depleted in auxo	0.1764705882352941	0.038
xth	1	0.3137254901960784	depleted in auxo	0.3137254901960784	0.048
xyoA	0.7777777777777778	0.09803921568627451	depleted in auxo	0.12605042016806722	0.016
yajC	0.4444444444444444	0.9019607843137255	enriched in auxo	2.0294117647058827	0.038
ydaH	0.2222222222222222	0	depleted in auxo	0	0.038
yheT	0.3333333333333333	0.0392156862745098	depleted in auxo	0.11764705882352941	0.038
yoaA	0	0.6470588235294118	enriched in auxo	Inf	0.047
znuB	0.6666666666666666	0.11764705882352941	depleted in auxo	0.17647058823529413	0.038
